time (source2)	Light
0	16
1.019	16
2.007	16
2.994	16
4.029	16
5.055	16
6.035	16
7.05	16
8.078	16
9.097	16
10.092	16
11.111	16
12.088	16
13.118	16
15.162	16
16.132	16
17.14	16
18.162	16
19.165	16
20.167	16
21.228	16
22.231	16
23.213	16
24.259	16
25.238	16
26.25	16
28.229	17
29.267	17
30.322	17
31.283	17
33.311	17
34.317	17
35.324	17
36.364	17
37.344	17
38.354	17
39.371	17
40.403	17
41.436	17
42.418	17
43.449	17
44.424	17
45.467	17
46.454	17
47.447	17
48.46	17
49.489	17
50.487	17
51.493	17
53.531	17
54.527	17
55.57	17
56.564	17
57.564	17
58.6	17
59.581	17
60.614	17
63.666	17
64.641	18
65.683	17
66.663	17
67.642	17
68.634	18
69.679	18
70.699	18
71.717	18
72.755	18
73.719	18
74.76	18
75.771	18
76.776	18
77.8	18
78.773	18
79.805	18
80.813	18
81.823	18
83.846	18
84.844	18
85.884	18
86.877	18
87.868	18
88.912	18
89.921	18
90.923	18
91.944	18
92.923	18
93.95	18
94.963	18
95.999	19
96.964	19
97.971	18
99.017	19
100.005	19
102.009	19
103.077	19
104.078	19
105.041	19
106.095	19
107.076	19
108.109	19
109.034	19
110.039	19
111.148	19
112.125	19
113.176	19
114.18	19
115.187	19
117.174	19
118.203	11
119.218	19
120.194	19
122.23	19
123.274	19
124.28	19
125.272	19
126.278	20
127.288	20
128.278	20
129.315	20
130.317	20
132.347	20
133.339	20
134.408	20
135.459	20
138.474	20
139.562	20
140.439	20
141.526	20
142.56	20
143.578	20
144.639	20
145.614	20
146.648	20
147.667	20
148.583	20
150.583	20
152.652	21
154.675	21
155.714	21
156.585	21
157.721	21
158.595	21
159.756	21
160.718	21
161.752	21
162.642	21
163.642	21
164.791	21
165.792	21
166.815	21
167.833	21
168.874	21
170.845	21
171.842	21
172.782	21
173.863	21
174.934	21
175.85	21
176.951	21
177.976	22
178.896	22
179.945	22
181.011	22
181.958	22
182.953	22
184.031	22
184.97	22
186.025	22
187.048	22
188.06	22
188.945	22
191.014	22
193.056	22
193.96	22
195.112	22
196.139	22
197.14	22
198.085	22
199.104	22
200.13	22
201.134	22
202.201	23
203.243	22
204.172	23
207.294	23
208.244	23
209.164	23
210.125	23
211.278	23
212.235	23
213.175	23
214.261	23
215.287	23
216.316	23
217.39	23
218.377	23
219.216	23
221.334	23
222.382	23
223.27	23
224.295	24
225.334	24
226.33	24
227.464	24
228.458	24
229.451	24
230.471	24
232.373	24
233.545	24
234.451	24
236.565	24
237.505	24
238.584	24
239.588	24
240.617	24
241.64	24
242.546	24
243.574	24
244.63	24
246.66	25
247.514	25
248.641	25
249.671	25
250.683	25
251.683	25
252.679	25
253.706	25
254.774	25
255.722	25
256.795	25
257.68	25
259.756	25
261.859	25
262.769	25
263.838	25
264.863	25
265.751	25
266.882	25
267.909	25
268.881	26
269.84	26
270.902	26
271.84	26
272.807	26
273.907	26
274.987	26
275.924	26
277.001	26
277.97	26
278.978	26
279.994	26
281.024	26
282.06	26
282.965	26
285.056	26
286.067	26
287.076	26
287.951	26
290.138	26
291.104	26
292.107	27
293.134	27
294.172	27
295.098	27
296.09	27
297.181	27
298.069	27
300.09	27
301.251	27
303.172	27
304.131	27
306.144	27
307.132	27
308.155	27
309.193	27
310.212	27
311.192	27
312.185	27
313.124	28
314.147	28
315.247	28
316.223	28
317.241	28
318.252	28
319.268	28
320.265	28
321.294	28
323.34	28
324.354	28
325.345	28
327.345	28
328.377	28
329.408	28
331.377	28
332.396	28
333.41	28
334.41	28
335.462	28
336.434	29
337.459	29
338.482	29
339.483	29
340.519	29
341.495	29
344.55	29
347.549	29
349.598	29
350.609	29
351.639	29
353.619	29
354.587	29
355.594	29
356.669	29
357.687	29
358.658	29
359.685	29
360.722	29
361.731	29
362.715	30
363.751	30
364.768	30
365.76	30
366.765	30
368.781	30
369.793	30
370.814	30
371.82	30
372.855	30
373.817	30
374.843	30
375.872	30
376.885	30
377.88	30
378.898	30
379.887	30
380.891	30
381.935	30
383.918	30
384.941	30
385.947	30
386.956	30
387.987	30
388.979	30
389.998	30
391.037	30
392.047	31
393.044	31
394.041	31
395.039	31
396.038	31
397.123	31
398.126	31
399.18	31
400.178	31
401.168	31
402.2	31
403.196	31
404.202	31
405.212	31
406.204	31
407.227	31
408.26	31
409.262	31
410.284	31
411.301	31
412.305	31
414.298	31
415.295	31
416.31	31
417.362	31
418.376	31
419.398	31
420.412	31
421.404	31
422.415	31
423.389	31
424.415	31
425.462	31
426.44	31
427.434	31
428.586	31
430.608	31
431.611	31
432.636	31
433.628	31
434.639	31
435.7	31
436.629	31
437.568	31
438.599	31
439.668	31
440.578	31
441.722	31
443.657	31
444.745	31
445.757	31
447.692	31
448.746	31
449.739	31
450.679	31
451.833	31
452.767	31
453.834	31
454.732	31
456.909	31
457.817	31
458.915	31
459.894	31
460.967	31
462.017	31
462.882	31
463.98	31
464.899	31
465.971	31
467.034	31
467.885	31
469.026	31
469.951	31
470.925	31
472.075	31
472.995	31
473.913	31
475.055	31
475.979	31
478.098	32
479.054	32
480.151	32
481.092	32
482.121	32
483.019	32
484.043	32
485.214	32
486.117	32
487.16	32
488.303	32
489.234	32
490.215	32
491.095	32
493.29	32
494.138	32
495.299	32
496.315	32
497.285	32
498.239	32
499.186	32
500.271	32
501.298	32
502.328	32
503.372	32
504.339	32
505.395	32
506.401	33
507.376	33
508.406	33
509.354	33
510.379	33
511.335	33
512.443	33
513.482	33
514.43	33
515.429	33
516.458	33
517.449	33
518.316	33
520.495	33
521.51	33
522.541	33
523.603	33
525.541	33
526.626	33
527.591	33
528.624	33
529.673	33
530.652	33
531.586	33
532.668	33
533.557	33
534.559	33
535.629	33
536.718	33
537.673	33
538.742	33
540.698	33
541.704	33
542.674	33
543.767	33
544.858	33
545.789	33
546.829	33
547.787	33
548.832	33
549.843	33
550.861	33
551.824	33
552.856	33
553.839	33
555.92	34
556.959	33
557.931	33
558.898	34
559.744	34
560.92	34
561.978	34
562.916	34
563.995	34
564.981	34
565.93	34
567.059	34
568.05	34
569.03	33
569.987	34
570.994	34
572.092	34
573.017	34
574.074	34
575.081	34
575.963	34
576.999	34
578.096	34
579.138	34
580.113	34
581.04	34
582.152	34
583.22	34
584.239	34
585.175	34
586.218	34
587.213	34
588.26	34
589.216	34
590.266	34
591.264	34
592.133	34
594.191	34
595.331	34
596.369	34
597.292	34
598.314	34
599.309	34
600.321	34
601.313	34
602.289	34
603.354	34
604.329	34
605.36	34
606.388	34
607.28	34
609.494	35
610.409	35
612.475	35
613.386	35
614.483	35
615.467	35
616.51	35
617.498	34
618.516	35
619.579	35
620.592	35
621.556	35
622.467	35
623.65	35
624.635	35
625.517	35
626.528	35
627.716	35
628.611	35
629.651	35
630.543	35
631.607	35
632.634	35
634.754	35
635.719	35
636.737	35
637.726	35
638.693	35
640.643	35
642.701	35
643.771	35
644.87	35
645.797	35
646.781	35
647.845	35
648.897	35
649.858	35
650.863	35
651.847	35
652.898	35
653.932	35
655.923	35
656.959	35
657.943	35
659	35
659.976	35
661.039	35
662.001	35
663.044	35
663.984	35
665.063	35
665.983	35
667.093	36
667.925	36
669.025	36
670.102	36
670.971	36
672.057	36
673.116	36
674.148	36
675.171	36
676.138	36
677.204	36
678.178	36
679.122	36
680.216	36
681.13	36
682.14	36
684.076	36
685.209	36
687.259	36
688.21	36
689.241	36
690.261	36
691.274	36
692.324	36
693.333	36
694.346	36
695.382	36
696.29	36
697.364	36
698.445	36
699.306	36
700.348	36
701.432	36
702.475	36
703.382	36
704.443	36
705.339	36
706.334	36
707.466	36
708.419	36
709.352	36
710.362	37
711.54	37
712.464	37
713.432	37
714.496	37
716.524	37
717.508	37
719.532	37
720.561	37
721.671	37
722.605	37
725.553	37
726.728	37
727.565	37
729.639	37
730.655	37
731.712	37
732.737	37
733.733	37
734.77	37
735.799	37
736.779	37
738.82	37
739.798	37
740.844	37
741.792	37
742.849	37
743.892	37
744.826	37
745.877	37
746.876	38
747.926	38
748.843	38
749.872	38
750.914	38
751.8	38
752.875	38
753.913	38
754.976	38
755.936	38
756.939	38
757.87	38
758.991	38
760.002	38
761.02	38
762.053	38
763.005	38
763.942	38
764.967	38
766.024	38
767.086	38
768.156	38
769.061	38
770.065	38
771.105	38
772.085	38
773.15	38
774.123	38
775.204	39
777.139	39
778.139	39
779.218	39
780.27	39
781.286	39
782.26	39
783.239	39
784.27	39
785.261	39
786.155	39
787.255	39
788.212	39
789.16	39
790.302	39
792.317	39
793.347	39
794.307	39
795.329	39
796.288	39
797.357	39
798.272	40
799.35	39
800.471	39
801.45	40
802.465	40
803.504	40
805.404	40
806.406	40
807.505	40
808.502	40
809.491	40
810.534	40
811.566	40
812.449	40
813.535	40
814.502	40
815.557	40
816.551	40
817.618	40
818.602	40
819.584	40
820.639	40
821.623	40
822.687	40
823.667	40
824.632	41
825.662	40
826.699	41
827.606	41
828.751	41
829.734	41
830.784	41
831.721	41
832.804	41
833.738	41
834.717	41
835.802	41
836.844	41
837.833	41
838.866	41
839.837	41
840.892	41
841.898	41
843.855	41
845.699	41
846.709	41
847.911	41
848.975	41
849.945	41
850.914	41
851.995	42
852.918	42
854.003	42
854.96	42
856.003	42
858.929	42
860.958	42
861.932	42
863.076	42
864.123	42
865.036	42
866.099	42
867.126	42
868.009	42
869.041	42
870.183	42
871.197	42
874.064	43
876.143	43
877.108	43
879.23	43
880.292	43
881.172	43
882.167	43
883.195	43
884.144	43
886.18	43
887.234	43
888.308	43
889.262	43
890.361	43
891.396	43
892.34	43
893.253	43
894.317	43
895.304	43
896.323	43
897.386	43
898.435	43
899.504	43
900.504	44
901.453	44
902.527	44
903.429	44
904.501	43
905.601	44
906.446	44
907.412	44
908.548	44
909.525	44
910.515	44
912.566	44
913.57	44
914.472	44
915.554	44
916.521	44
917.527	44
918.634	44
919.613	44
920.663	44
921.703	44
922.735	44
923.748	44
924.72	44
925.763	44
927.693	45
928.697	45
929.728	45
930.72	45
931.804	45
932.667	45
933.85	45
934.881	45
935.791	45
936.75	45
937.884	45
938.732	45
939.912	45
940.767	45
942.829	45
943.775	45
944.792	45
945.951	45
946.898	46
948.917	46
950.024	46
950.883	46
951.926	46
953.025	46
954.054	46
954.873	46
955.899	46
957.081	46
957.934	46
960.035	46
961.041	46
962.068	46
963.11	46
964.042	46
965.113	46
966.019	46
967.096	46
969.079	46
970.115	46
971.059	46
972.207	47
973.133	47
974.102	47
975.11	47
976.288	47
977.262	47
978.295	47
979.153	47
981.28	47
982.315	47
983.167	47
984.23	47
986.338	47
987.35	47
988.364	47
991.346	47
992.408	47
993.355	47
994.366	47
996.436	48
997.429	48
998.454	48
999.348	48
1000.521	48
1001.373	48
1002.571	48
1003.533	48
1004.497	48
1005.494	48
1006.586	48
1007.502	48
1008.605	48
1009.448	48
1010.622	48
1011.567	48
1012.697	48
1013.695	48
1014.672	48
1015.665	48
1016.702	48
1017.663	48
1018.701	48
1019.734	48
1020.755	48
1021.745	48
1024.793	48
1025.821	49
1026.789	49
1027.8	48
1028.841	49
1029.874	49
1030.821	49
1031.866	49
1032.882	49
1033.788	49
1034.939	49
1035.761	49
1036.863	49
1037.932	49
1038.937	49
1039.894	49
1040.958	49
1042.992	49
1044.02	49
1044.942	49
1045.976	49
1047.061	49
1047.998	49
1048.959	49
1050.05	49
1050.958	49
1051.895	49
1053.065	49
1055.092	49
1056.045	50
1057.118	50
1058.131	50
1059.142	50
1060.12	50
1063.16	50
1064.087	50
1065.173	50
1066.223	50
1067.189	50
1068.249	50
1070.244	50
1071.288	50
1072.241	50
1073.263	50
1074.271	50
1075.339	50
1078.288	50
1079.225	50
1080.316	50
1081.389	50
1082.378	50
1083.415	50
1084.405	50
1085.387	50
1086.466	50
1087.474	50
1088.344	50
1089.433	50
1090.515	50
1092.454	50
1093.543	50
1094.409	50
1095.468	50
1097.514	50
1098.593	50
1099.427	50
1100.519	50
1101.553	51
1102.591	50
1103.496	51
1106.616	51
1107.619	51
1108.612	51
1109.641	51
1110.549	51
1111.642	51
1112.713	51
1113.707	51
1114.739	51
1115.678	51
1116.757	51
1117.716	51
1118.742	51
1119.731	51
1120.829	51
1121.761	51
1122.76	51
1123.828	51
1124.85	51
1125.828	51
1126.922	51
1127.766	51
1128.757	51
1129.925	51
1130.882	51
1131.861	51
1133.906	51
1134.964	51
1135.894	51
1136.927	51
1137.916	51
1138.988	51
1139.918	51
1141.019	51
1141.968	51
1143.009	51
1144.058	51
1145.937	51
1146.903	51
1148.045	51
1149.035	51
1150.086	51
1151.012	51
1152.118	51
1153.118	51
1154.055	51
1155.174	51
1156.15	51
1157.135	51
1158.133	51
1159.069	51
1161.195	51
1162.207	51
1163.184	51
1164.246	51
1165.196	51
1166.268	51
1167.311	51
1168.216	51
1169.158	51
1170.285	51
1171.305	51
1172.256	51
1173.287	52
1174.209	52
1175.297	52
1176.322	52
1178.296	52
1179.353	52
1180.34	51
1181.451	52
1182.417	52
1184.35	52
1185.495	52
1186.428	52
1187.494	52
1188.407	52
1189.421	52
1190.425	52
1191.515	52
1192.484	52
1193.54	52
1194.495	52
1195.502	52
1196.542	52
1197.525	52
1199.516	52
1200.577	52
1201.626	52
1202.642	52
1203.504	52
1204.628	52
1205.657	52
1206.644	52
1207.554	52
1208.584	52
1209.735	52
1211.7	52
1212.747	52
1214.64	52
1215.677	52
1216.831	52
1217.748	52
1218.803	52
1219.808	52
1220.673	52
1221.862	52
1222.886	52
1223.835	52
1224.856	52
1225.839	52
1226.848	52
1227.898	52
1228.928	52
1229.92	52
1230.915	52
1231.928	52
1232.924	52
1233.848	52
1234.912	52
1235.939	52
1237.009	52
1237.94	52
1238.962	52
1239.865	52
1241.005	52
1242.057	52
1243.029	52
1244.068	52
1246.013	52
1247.124	52
1248.069	52
1248.963	52
1250.068	52
1251.113	52
1252.198	52
1253.114	52
1254.105	52
1255.235	53
1256.045	52
1257.166	53
1258.192	53
1259.073	53
1261.273	53
1262.183	53
1263.246	53
1264.233	53
1265.242	53
1266.3	53
1267.262	53
1268.268	53
1269.285	53
1270.297	53
1272.324	53
1273.419	53
1274.315	53
1275.3	53
1276.349	53
1277.351	53
1278.453	53
1279.363	53
1280.384	53
1281.468	53
1282.49	53
1283.442	53
1284.495	53
1285.446	53
1287.516	53
1289.532	53
1290.475	53
1291.599	53
1292.434	53
1293.552	53
1294.581	53
1295.628	53
1296.492	53
1297.571	53
1298.476	53
1299.653	53
1300.572	53
1301.655	53
1302.572	53
1303.699	53
1304.669	53
1305.707	53
1306.749	53
1307.686	53
1308.703	53
1309.761	53
1310.782	53
1311.725	53
1312.758	53
1314.741	53
1315.825	53
1316.764	53
1317.825	53
1318.763	53
1319.82	53
1320.86	53
1321.877	53
1322.807	53
1323.861	53
1324.88	53
1327.89	53
1329.99	53
1330.936	53
1331.922	53
1332.945	53
1333.983	53
1334.972	53
1336.995	53
1337.924	53
1340.084	53
1341.066	53
1343.021	53
1345.138	53
1346.048	53
1347.088	33
1348.127	53
1349.137	53
1350.178	53
1352.135	53
1353.196	53
1354.241	53
1355.227	53
1356.183	53
1357.196	53
1358.104	53
1359.163	53
1360.253	53
1361.231	53
1362.233	53
1363.27	53
1364.231	53
1365.33	53
1367.293	53
1368.339	53
1369.365	53
1370.304	53
1371.411	53
1372.421	53
1373.432	53
1374.258	53
1375.273	53
1376.385	53
1377.389	53
1378.377	53
1379.289	53
1381.504	53
1382.386	53
1383.476	53
1384.487	53
1385.499	53
1386.434	53
1387.572	53
1388.435	53
1389.506	53
1390.464	53
1391.619	53
1392.646	53
1393.521	53
1394.533	53
1395.494	53
1396.591	53
1397.589	53
1398.618	53
1399.671	53
1400.725	53
1401.661	53
1402.727	53
1403.713	53
1405.728	53
1406.764	53
1407.71	53
1408.751	53
1409.757	53
1410.723	53
1411.788	53
1413.779	53
1414.774	53
1415.833	53
1416.857	53
1417.916	53
1418.863	53
1419.804	53
1420.77	53
1421.84	53
1422.943	53
1423.96	53
1424.943	53
1425.959	53
1426.956	53
1427.983	53
1429.007	53
1429.923	53
1430.927	53
1432.007	53
1433.023	53
1434.009	53
1436.019	53
1437.029	53
1438.015	53
1439.027	53
1440.13	53
1441.031	53
1442.126	53
1444.168	53
1445.109	53
1446.161	53
1447.158	53
1448.157	53
1450.206	53
1451.088	53
1452.144	53
1453.211	53
1454.088	53
1455.213	53
1456.17	53
1457.259	53
1458.305	53
1459.173	53
1460.257	53
1461.285	53
1462.329	53
1463.265	53
1464.342	53
1465.373	53
1466.32	53
1467.349	53
1468.389	53
1469.336	53
1470.279	53
1471.272	53
1472.443	53
1473.421	53
1474.424	53
1475.404	53
1476.49	53
1477.471	53
1478.363	53
1479.439	53
1480.437	53
1481.456	53
1482.464	53
1483.506	53
1484.511	53
1485.47	53
1486.573	53
1487.573	53
1489.609	53
1490.593	53
1491.567	53
1492.569	53
1493.677	53
1494.668	53
1495.719	53
1497.688	53
1498.553	53
1499.675	53
1500.66	53
1501.628	53
1502.694	53
1504.771	53
1505.692	53
1506.694	53
1507.736	53
1508.754	53
1509.791	53
1510.804	53
1512.716	53
1513.867	53
1514.854	53
1515.82	53
1516.837	53
1518.88	53
1519.843	53
1520.875	53
1521.891	53
1522.913	53
1523.89	53
1524.859	53
1526.014	53
1529	53
1530.06	53
1531.002	54
1532.986	53
1534.038	54
1535.1	54
1536.02	54
1536.974	54
1538.057	54
1539.147	54
1540.007	54
1540.985	54
1542.068	54
1543.076	54
1544.112	54
1545.097	54
1546.102	54
1547.096	54
1548.138	54
1549.064	54
1550.191	54
1551.096	54
1552.186	54
1553.211	54
1554.259	54
1555.232	54
1558.317	54
1559.354	54
1560.323	54
1561.35	54
1562.364	54
1563.395	54
1564.329	54
1566.352	54
1567.369	54
1568.286	54
1569.447	54
1570.487	54
1573.441	54
1574.418	54
1575.461	54
1576.532	54
1577.424	54
1578.381	54
1579.373	54
1581.436	55
1582.412	55
1583.368	55
1584.36	55
1585.454	55
1587.499	55
1588.498	55
1589.48	55
1590.531	55
1591.542	55
1592.547	55
1593.556	55
1594.594	55
1595.574	55
1596.566	55
1597.591	55
1598.596	55
1599.617	55
1600.598	55
1601.614	55
1602.658	55
1603.64	55
1604.674	55
1605.664	55
1606.686	55
1607.687	55
1608.686	55
1609.699	55
1611.751	55
1612.767	55
1613.733	55
1614.757	55
1615.756	55
1616.772	55
1617.788	55
1618.8	55
1619.809	55
1620.805	56
1621.868	55
1622.83	56
1624.83	56
1626.961	56
1627.933	56
1628.976	56
1629.963	56
1630.99	56
1631.984	56
1633.018	56
1634.012	56
1635.033	56
1636.023	56
1637.034	56
1638.07	56
1639.079	56
1640.055	56
1641.104	56
1642.09	56
1643.089	56
1645.14	56
1646.14	56
1647.16	56
1648.168	56
1649.165	56
1650.191	56
1651.185	56
1652.197	56
1653.216	56
1654.247	56
1655.205	57
1656.248	56
1657.258	56
1658.254	56
1659.284	57
1661.319	57
1662.279	57
1663.31	57
1664.311	57
1665.267	57
1666.29	57
1667.333	57
1668.375	57
1669.411	57
1670.373	57
1671.427	57
1673.408	57
1674.434	57
1676.427	57
1677.446	57
1678.502	57
1679.469	57
1680.529	57
1681.533	57
1682.498	57
1683.521	57
1684.551	57
1685.529	57
1686.548	57
1687.586	58
1688.564	58
1689.597	58
1690.608	58
1691.606	58
1692.613	58
1693.626	58
1694.645	58
1695.632	58
1696.684	58
1697.671	58
1698.706	58
1699.685	58
1700.719	58
1701.717	58
1702.726	58
1703.735	58
1704.764	58
1705.739	58
1706.691	58
1707.768	58
1708.772	58
1709.773	58
1711.821	58
1714.86	59
1715.862	58
1716.892	59
1717.889	59
1718.867	59
1719.917	59
1720.886	59
1721.941	59
1722.934	59
1723.938	59
1724.979	59
1725.979	59
1726.978	59
1728.008	59
1730.014	59
1730.997	59
1732.001	60
1733.049	59
1738.134	60
1739.074	60
1740.109	60
1741.105	60
1743.136	60
1745.155	60
1746.2	60
1747.129	60
1748.139	60
1750.207	61
1751.208	61
1752.233	61
1753.227	61
1754.236	61
1760.36	61
1761.341	61
1762.318	61
1763.369	61
1765.352	62
1766.38	62
1767.377	61
1768.381	62
1769.432	62
1770.407	62
1771.42	62
1772.418	62
1773.483	62
1774.468	62
1775.463	62
1776.494	62
1777.476	62
1778.506	62
1779.494	63
1780.506	63
1783.574	63
1784.566	63
1785.605	63
1786.586	63
1787.618	63
1788.519	63
1789.626	63
1791.62	63
1792.663	63
1793.661	63
1794.705	63
1795.671	63
1796.705	63
1798.694	63
1799.703	63
1800.716	63
1801.767	63
1802.755	63
1803.745	64
1804.763	64
1805.803	64
1806.783	64
1807.835	64
1808.795	64
1809.822	64
1810.816	64
1811.864	64
1813.849	64
1814.888	65
1815.886	65
1816.91	65
1817.928	65
1818.912	65
1819.918	65
1820.923	65
1821.972	65
1822.997	66
1823.954	66
1825.017	66
1825.998	66
1827.003	66
1827.996	66
1828.978	66
1829.966	66
1831.063	67
1832.051	67
1833.066	67
1834.054	67
1835.117	67
1836.12	67
1837.085	67
1838.127	68
1839.136	68
1840.136	68
1841.135	68
1842.189	68
1843.168	68
1844.197	69
1845.198	69
1846.202	69
1847.228	69
1848.207	69
1849.208	70
1850.275	69
1851.261	70
1852.247	70
1853.295	70
1854.285	71
1855.286	71
1857.331	71
1859.338	72
1860.358	72
1861.375	72
1862.376	73
1863.409	73
1864.411	73
1865.414	74
1866.392	74
1867.445	74
1868.425	74
1869.474	75
1870.395	75
1871.416	75
1872.487	76
1873.473	76
1874.475	76
1875.512	77
1876.52	77
1877.52	78
1878.572	78
1879.551	79
1880.554	79
1881.557	80
1882.599	81
1883.593	81
1884.627	82
1885.612	82
1886.64	83
1887.618	83
1888.627	83
1889.631	84
1890.651	84
1891.664	85
1892.693	85
1893.727	86
1894.685	86
1895.725	86
1896.718	87
1897.712	87
1898.784	87
1899.791	88
1900.774	88
1901.788	89
1902.823	89
1903.849	89
1904.817	90
1905.812	90
1906.804	90
1907.834	91
1908.86	91
1909.858	91
1910.835	92
1911.839	92
1912.879	92
1913.887	93
1914.914	93
1915.92	93
1916.919	94
1917.931	94
1918.983	94
1919.97	95
1920.999	95
1921.965	95
1923.016	95
1924.012	95
1925.016	95
1926.057	96
1928.036	96
1929.064	96
1930.079	97
1932.11	97
1933.106	97
1934.091	97
1935.135	98
1936.136	98
1937.142	98
1938.156	98
1939.186	99
1940.163	99
1941.216	99
1942.195	99
1943.183	99
1944.248	99
1945.252	100
1947.253	100
1948.278	100
1949.261	100
1950.287	100
1951.287	101
1952.219	101
1953.267	101
1954.327	101
1955.342	101
1957.36	101
1958.341	101
1959.356	101
1960.407	101
1962.377	102
1963.406	101
1964.434	102
1966.445	102
1967.486	102
1968.481	102
1969.49	102
1970.466	102
1971.476	102
1972.534	102
1973.495	102
1974.54	102
1975.538	102
1976.546	102
1977.567	102
1979.591	102
1981.603	102
1982.593	102
1983.637	102
1984.646	102
1985.631	102
1986.655	102
1987.681	102
1988.667	102
1989.699	102
1990.702	102
1991.713	102
1992.654	102
1993.674	102
1994.712	102
1996.767	102
1997.747	102
1998.805	102
1999.794	102
2000.8	102
2001.818	102
2002.821	102
2003.81	102
2004.835	101
2005.863	102
2006.855	102
2007.886	102
2008.885	102
2009.914	102
2010.93	102
2011.911	102
2012.957	102
2013.915	102
2014.941	102
2015.943	102
2016.945	101
2018.005	102
2019.017	102
2019.991	102
2021.039	102
2022.018	102
2023.027	102
2024.018	102
2025.043	102
2026.037	102
2027.079	102
2028.109	102
2029.085	102
2030.086	102
2031.148	102
2032.127	102
2033.149	102
2034.064	102
2035.072	102
2036.147	103
2037.155	103
2038.203	103
2039.213	103
2040.22	103
2042.208	103
2043.25	103
2044.275	103
2045.258	103
2046.283	103
2047.271	103
2048.272	103
2050.305	104
2051.302	104
2052.344	104
2053.332	104
2054.373	104
2055.361	104
2056.408	104
2057.379	104
2058.396	104
2059.424	104
2060.447	104
2061.414	104
2062.463	104
2063.434	104
2065.467	105
2066.48	105
2067.488	105
2068.504	105
2069.5	105
2070.528	105
2071.551	105
2072.573	105
2073.585	105
2074.53	105
2075.492	105
2076.571	105
2077.596	105
2078.615	105
2079.613	105
2080.636	105
2081.622	105
2082.628	105
2083.661	105
2084.65	105
2085.663	105
2086.721	105
2087.71	105
2088.738	106
2089.756	106
2090.755	106
2091.757	106
2092.776	106
2093.784	106
2094.775	105
2095.762	106
2096.786	106
2097.8	105
2098.809	106
2100.85	105
2101.863	106
2103.872	105
2104.884	105
2105.873	105
2106.905	106
2107.927	105
2108.897	105
2110.922	105
2111.928	105
2112.99	105
2113.999	105
2114.994	105
2115.916	105
2116.93	105
2118.024	105
2119.028	105
2120.018	105
2121.072	105
2122.049	105
2123.058	105
2124.052	105
2125.099	105
2126.083	105
2127.093	105
2128.141	104
2129.115	104
2130.124	104
2131.152	104
2132.193	104
2133.178	104
2134.196	104
2135.214	104
2136.182	104
2137.246	104
2138.208	104
2139.24	104
2140.226	104
2141.234	103
2142.284	103
2143.277	103
2145.311	103
2146.31	103
2147.303	103
2148.341	103
2149.344	103
2150.341	103
2151.352	103
2152.343	102
2153.404	102
2154.396	102
2155.379	102
2156.315	102
2157.351	102
2158.443	102
2159.425	101
2160.462	101
2161.449	101
2162.475	101
2164.484	101
2165.485	101
2166.503	101
2167.547	101
2168.56	100
2169.536	100
2170.555	100
2171.577	100
2172.562	100
2173.579	100
2174.585	100
2175.587	99
2177.604	99
2179.64	99
2180.641	99
2181.689	99
2182.705	99
2183.689	99
2184.725	98
2185.696	98
2186.716	98
2187.793	98
2188.76	98
2189.735	98
2190.749	98
2192.781	98
2193.813	97
2194.796	97
2195.794	97
2196.81	97
2197.797	97
2198.812	97
2199.848	97
2200.86	97
2201.882	97
2202.871	97
2203.891	96
2204.91	96
2205.926	96
2206.918	96
2207.927	96
2208.939	96
2209.999	96
2210.989	96
2212.009	96
2212.971	95
2214.036	95
2214.999	95
2217.069	95
2218.036	95
2219.091	95
2220.08	95
2221.104	95
2222.104	95
2223.078	95
2224.081	95
2225.118	95
2226.152	95
2227.171	95
2231.221	94
2233.209	94
2234.194	94
2235.252	94
2236.233	94
2237.269	94
2241.37	93
2242.372	93
2244.369	93
2245.363	93
2246.381	93
2247.413	93
2248.392	93
2249.416	93
2250.42	93
2251.447	93
2252.483	93
2253.481	93
2256.535	93
2257.53	92
2259.509	92
2260.561	93
2261.554	92
2262.544	92
2263.59	92
2264.562	92
2265.569	92
2266.588	92
2267.59	92
2268.603	92
2269.607	92
2270.662	92
2271.636	92
2272.671	92
2273.668	92
2274.695	92
2275.673	92
2276.701	92
2277.737	93
2278.736	92
2279.702	92
2280.678	92
2281.773	93
2282.767	93
2283.797	93
2284.772	93
2285.832	93
2286.837	93
2287.805	93
2288.827	93
2290.838	93
2291.86	93
2292.887	93
2293.867	94
2294.906	93
2295.884	93
2297.929	94
2298.924	94
2299.935	94
2300.944	94
2303.002	94
2304.006	94
2306.015	94
2308.047	94
2309.031	94
2310.03	94
2311.077	94
2313.119	95
2314.108	95
2315.097	94
2316.106	94
2317.144	94
2318.121	94
2319.13	94
2320.179	94
2321.107	94
2322.154	94
2323.162	94
2324.217	94
2325.194	94
2326.258	94
2328.319	93
2329.336	93
2330.343	93
2331.343	93
2332.458	93
2333.372	93
2334.461	93
2336.443	93
2337.438	93
2338.461	93
2339.44	93
2340.448	92
2341.494	93
2343.529	92
2344.499	92
2345.528	92
2346.579	92
2347.609	92
2348.605	92
2349.532	92
2350.628	92
2351.603	92
2352.565	91
2353.652	92
2354.51	91
2355.653	91
2356.595	91
2357.682	91
2358.54	91
2359.637	91
2360.697	91
2361.661	91
2362.529	91
2363.721	91
2364.658	91
2365.652	91
2366.679	90
2367.756	90
2368.774	90
2369.77	90
2370.726	90
2371.711	90
2372.775	90
2373.786	90
2374.832	90
2375.752	90
2376.768	90
2377.804	90
2378.944	90
2379.954	90
2381.855	90
2382.874	90
2383.91	90
2384.97	90
2385.912	90
2386.952	90
2387.979	90
2389.001	90
2389.874	90
2390.916	90
2392.065	90
2392.952	90
2393.929	90
2395.071	90
2396.106	90
2396.924	90
2398.027	90
2399.036	90
2400.149	90
2401.059	90
2402.996	90
2404.048	90
2405.11	90
2406.153	90
2407.148	90
2408.126	90
2409.142	90
2410.156	90
2411.198	91
2412.202	91
2414.226	91
2415.209	91
2416.14	91
2417.141	91
2418.228	91
2419.236	91
2420.243	91
2421.28	91
2422.278	91
2423.301	91
2424.341	91
2425.302	91
2426.362	91
2427.373	91
2428.378	92
2429.396	91
2430.41	91
2431.478	92
2432.43	92
2433.394	92
2435.326	92
2436.331	92
2437.533	92
2438.533	92
2439.539	92
2440.414	92
2441.498	92
2442.538	92
2443.458	92
2444.484	93
2445.506	93
2446.563	93
2447.65	93
2448.479	93
2449.488	93
2450.645	93
2451.634	93
2452.589	93
2453.519	94
2454.566	94
2455.602	94
2456.666	94
2458.736	94
2459.61	94
2460.707	94
2461.776	95
2462.692	95
2463.744	95
2464.733	95
2465.73	95
2466.801	95
2467.742	95
2468.769	95
2469.805	95
2470.884	95
2471.877	95
2473.749	95
2474.831	95
2475.826	96
2476.75	96
2477.91	96
2478.963	96
2479.896	96
2480.886	97
2481.945	97
2482.908	97
2483.9	97
2484.846	97
2485.961	97
2486.937	98
2488.948	98
2489.887	98
2491.042	99
2491.926	99
2492.947	99
2494.102	99
2495.106	99
2496.13	100
2496.966	100
2498.141	100
2499.118	100
2500.163	100
2501.089	101
2502.146	101
2504.122	101
2505.174	101
2506.231	102
2507.162	102
2508.215	102
2509.178	102
2510.27	103
2511.224	103
2512.258	103
2513.265	103
2514.264	104
2515.177	104
2516.358	104
2517.285	104
2518.231	105
2519.23	105
2520.365	105
2521.358	105
2522.392	106
2523.351	106
2524.317	106
2525.347	106
2526.335	106
2527.373	107
2528.356	107
2529.391	107
2530.492	107
2531.485	108
2532.406	108
2533.485	108
2534.343	109
2535.554	109
2536.418	109
2537.489	109
2538.49	109
2539.545	110
2540.582	110
2542.589	110
2543.538	111
2544.553	111
2545.627	111
2546.663	111
2547.629	112
2548.627	112
2549.668	112
2550.658	113
2551.563	113
2552.662	113
2553.677	113
2554.575	114
2555.717	114
2557.743	114
2558.732	114
2559.77	115
2560.706	115
2561.77	115
2562.786	115
2563.783	116
2564.843	116
2565.771	116
2567.786	117
2568.891	117
2569.831	117
2570.832	117
2572.844	118
2573.861	118
2574.883	118
2576.882	118
2577.941	119
2579.009	119
2579.926	119
2580.936	119
2581.955	120
2582.95	120
2583.989	120
2585.073	120
2585.999	120
2586.924	121
2588.011	121